DataHora,NivelConsistencia,Chuva01,Chuva02,Chuva03,Chuva04,Chuva05,Chuva06,Chuva07,Chuva08,Chuva09,Chuva10,Chuva11,Chuva12,Chuva13,Chuva14,Chuva15,Chuva16,Chuva17,Chuva18,Chuva19,Chuva20,Chuva21,Chuva22,Chuva23,Chuva24,Chuva25,Chuva26,Chuva27,Chuva28,Chuva29,Chuva30,Chuva31
2023-04-01 00:00:00,1,0,0,8.6,0.2,0,0,0.2,5.4,14.6,0.2,0,2.4,0,8.2,0.2,0,0,0.8,0.8,0.2,0,0,0,0,0,2.8,7.4,68.4,0,0,
2023-03-01 00:00:00,1,0,0.6,5.4,0,0,0.4,0,0.8,0.2,0,12.6,2.8,0,0,1,0,0,0,0,2.2,0.2,0,0,0,0,0,0,0,0,0,0
2023-02-01 00:00:00,1,0,0,0,0,0.2,7.8,0,10.4,1.8,38.4,8.2,0,0,0,6,2.2,10.6,14.6,8.2,0,0,2.8,0.2,0,0,0,0,0,,,
2023-01-01 00:00:00,1,9.4,22.6,23.2,14,31.4,38.4,47.4,16.8,27,9.2,55.2,0.4,11.4,0.2,11.2,0.2,0,0,0.6,10.6,38.4,5.6,6,14,7,8,39.4,11.4,5.8,13.2,0.4
2022-12-01 00:00:00,1,0.2,0,0.4,0.2,0.2,5,17.2,0.2,0,3.2,0.2,0,27.6,6.4,0.2,0,0,0,29,12.8,13,0,1.6,14.8,14.2,25.8,14.8,0.6,14,35.2,0
2022-11-01 00:00:00,1,0,0,0,0,0,0,0,3.2,3.8,1.8,26.2,6.4,0,0.6,0.2,0.2,0,0,0,0,0,0,0.2,1,0.4,0,0.2,0,0.4,0.2,
2022-10-01 00:00:00,1,13,0,1.6,25.8,1,0.2,0.4,0,0.2,0,0,0,0,0,0,0,0,0,0,0,0,0,0,0,0,0,0,0,0,0,0
2022-09-01 00:00:00,1,0,0,0,0,0,0,0,0,0,0,0,0,0,0,0,0,0,0,0,2.2,0,23.6,0,0,0,0,5.2,2.2,0.2,1.6,
2022-08-01 00:00:00,1,0,0,0,0,0,0,0,0,0,0.2,0,0,0,0,0,0,0,0,0,0,0,0,0,0,0,0,0,0,0,0,0
2022-07-01 00:00:00,1,,,,,,,,,,,,,,,,,,,,,,,2.2,0,0,0,0,0,0,0,0
2022-02-01 00:00:00,1,,,,,,,,,,,0,,,,,,,,,,0,,,,,,,,,,
2022-01-01 00:00:00,1,9.8,23.4,38.8,18.8,12,23.4,11.6,,,,0,,,,,,,,,,0,,,,,,,,,,0
2021-12-01 00:00:00,1,0.6,6.8,0.2,0,0,62.4,5.4,1,0.8,0.6,0.4,0.4,31.2,30.6,10.4,0.2,29.2,1,0.2,0,0,0,1.4,0,0,0,0,29.8,13.6,,
2021-11-01 00:00:00,1,12.4,0,0,0,0,0,0,4.4,0.6,23,45.8,12.8,0,0,0,0,0,5.8,10.8,15.8,0.4,0.4,,0,0.2,0.6,35,0,0,4.6,
2021-10-01 00:00:00,1,1.8,10.8,0,,0.8,0,3.4,0,7,24.4,15.6,0.2,0,11.8,0,1.2,1,5.4,5.4,0.4,0,0,0,4,0,0,0,0,0,2.6,11.4
2021-09-01 00:00:00,1,,,,,,,,,,,,,,,,,,,,,,,0,0,10,1.8,2.6,0.2,0,0,
2021-07-01 00:00:00,1,0,,,,,,,,,,,,,,,,,,,,,,,,,,,,,,
2021-06-01 00:00:00,1,0,0,,,,0,,,0,,0,,,,0.2,,,,0,,,,,0,,,,0,,,
2021-05-01 00:00:00,1,,,,,0,,,,,,,,0,0,0,0,0,0.8,0,,,,0,,0,,,,0,0,3
2021-04-01 00:00:00,1,,,,,,,,,,,0,0.2,,,,0,0,,,0,0,0,,,0,0,,,,,
2021-03-01 00:00:00,1,,,,,,,0.6,,,,,,,,,,,,,0,,,,0,,0,0,0,0,0,0
2021-02-01 00:00:00,1,0,0,0,,,,34.4,10.6,0.4,0.2,25,,,,,,,,,,11,,,,,,,,,,
2021-01-01 00:00:00,1,,,,,,,,,,,2,,,,,,,,,,0,,,,0,0,1.2,0.2,0,0,0
2020-12-01 00:00:00,1,0,0.8,0.8,,0.2,4.2,0.4,,,,,,,,,,,0,,,,,,,,,,,,,
2020-11-01 00:00:00,1,0.6,,27.8,,,,,,,,,0,0.2,,,,,,0,,,,,0,0,,,0,0,,
2020-10-01 00:00:00,1,0,0,0,0,0,0,0,0,0.2,0,6.8,0.2,0.4,0.4,0,12.4,0.2,0,2.2,6.6,0.6,0.2,0,15.6,6.2,,,,,,8.4
2020-09-01 00:00:00,1,0,0,0,0,0,0,0,0,,,0,0,0,,0,0,0,0,0,0,0,4.8,0,0,0,0,,,,0,
2020-08-01 00:00:00,1,0,0,0,0.2,0,0,0,0,0,0,0,0,0,0,0,0,0,0,0,0,0,5.4,0,0.2,0,0,0,0,0,,0
2020-07-01 00:00:00,1,0,0,0,,,,,0,0,0,0,,0,,,0,,0,0.2,0,0,0,0,0,0,0,0,0,0,0.2,0
2020-06-01 00:00:00,1,0,0.2,0,0,0,0.2,0,0,0,0.2,0,0,0.2,0,0,0,0,0,0,,0,0,0.2,0,0.2,0,0,0,0,0.2,
2020-05-01 00:00:00,1,0.2,0,0.2,0,0,0,0,0.2,0,0.2,0,0.2,0,27.4,1.8,2.4,0.2,0,0,0.2,0,,,12.8,2.8,0.2,0,0.2,0,0.2,0
2020-04-01 00:00:00,1,0,2.6,1,0,0.2,0,0,0.2,0,,0.4,0,0.2,,,1,0,0.2,0.2,0,0.2,0,0,0,0.2,0,0,0.2,0,0,
2020-03-01 00:00:00,1,43.2,7.2,6.4,0.8,1.4,4.8,0.2,0,0,0.2,0.2,0,0.2,0,0.2,0.4,0,0,0,5,9,8,0,0,0,0.2,0,0,0,0,0
2020-02-01 00:00:00,1,,,,,,,,,,,1.6,,,,,,,,,0,0,2,0.2,12.8,0.4,4.6,7.6,,20,,
2020-01-01 00:00:00,1,,,,,0.2,2,0.2,11.4,,,0,,,,,,,,,,,,,,,,,0,1.4,0,2
2019-12-01 00:00:00,1,0.8,28,4.8,4.2,26.4,11.4,21.4,0.2,7.2,48,11.8,,0,0.4,0,0,0,0,,,,,,,,,,,,,
2019-11-01 00:00:00,1,,,,,0,2,,,,,,,,,,,1,1,22.4,10,0.2,1,8.6,1.4,0,0,0,4.8,2.2,22.2,
2019-10-01 00:00:00,1,,0,0,0,0,0,0,0,0,24,0.2,0,0,0,0,0,0,0,0,,4,10.2,,,,,0,,,,
2019-09-01 00:00:00,1,,0,0,0,0,0,0,0,0,0,0,0,0,0,0,0,0,0,0,0,0,0,0,0,1.2,16,2.2,0.2,0,,
2019-08-01 00:00:00,1,,,,,,,,,,,,,,,,,,,,,,,,,,,,0,,0,
2019-03-01 00:00:00,1,,,,,,,,,0.2,2.4,6.8,0,,,0.2,0,,,,,,27,0.2,,0.2,,,,,,
2019-02-01 00:00:00,1,0,0,0,1.6,0.2,13.8,4.2,0,0.2,0,,,0.4,,,,,,,,,,,,,,,,,,
2019-01-01 00:00:00,1,0,0,0.2,22.4,0,0,0,0.2,0,0,0,2.6,0.2,0.2,,0,32.4,0.2,0,0,0.2,6.4,0.2,0.2,0,8.4,1.4,0.2,0,0,0
2018-12-01 00:00:00,1,,,,,,,,,,,,,,,,,,,,,0,0,0,0.8,0.4,6.6,1.8,,0,7.6,
2018-11-01 00:00:00,1,0.2,,14,,,,,,,,,,,,,,,,,,,,,,,,,,,,
2018-10-01 00:00:00,1,1,0,0,0.4,0,0.2,10.6,,0,0,0.6,0,0,2.4,0,0,1,0,0,0,,0,,10.8,24.6,8.8,2,0.2,0.6,0,0
2018-09-01 00:00:00,1,,,,,,,,,,,0,0,0,,2.6,9.8,1,,0.4,,2.4,1.4,,,0,,0,0.4,0,1,
2018-08-01 00:00:00,1,,0.2,,,,,,,,,,,,,,,,,,,,,,,,,,,,,
2018-06-01 00:00:00,1,,,0,0,,0,0.8,,,,0,,,,0,,0,,,,,,,,,0,0,,,,
2018-04-01 00:00:00,1,,0,0.6,1.4,1,0.8,,0.2,,,,,0,,,,,,,,,,,,,,,,,,
2018-03-01 00:00:00,1,0,0,0.4,0.2,0,0,0,21.4,,8.6,12.8,0,0.2,0.2,0,2.8,0,0.8,0,1.4,0,0.8,0.2,0,0.2,0,0.2,,0,0.2,0
2018-02-01 00:00:00,1,25,,0,1,21.4,4.2,0,0.2,1.6,,0.2,0,0,0,,0.2,0,0.2,0,10.4,5.8,54.6,0,,4.4,0.6,0,1.2,,,
2018-01-01 00:00:00,1,15.6,14.8,13.6,31.4,15.6,4.2,4.8,4.4,0.2,0,0,0.6,0,0,0.2,0,0,0,0,0,0,0,1.4,1.8,2.8,0,2,0,0.2,,10.4
2017-12-01 00:00:00,1,29.8,7.8,5.8,0.4,3,22.4,3.6,3.2,0.2,0.2,2,17.6,0.4,13.4,0.8,0.6,0,0,0,0.2,0,0,0,0,18.8,3.2,0,0,1,11.8,
2017-11-01 00:00:00,1,0,0,0,0,0,0,0,0,0,9,4.2,12.6,0,0,0,0,0,9.4,3.6,10,26.8,9.8,1,0,0.4,0.4,0.8,0.4,2.4,0.4,
2017-10-01 00:00:00,1,0.2,7,16.8,0.2,0,0,0,0,0,0,0,0,0,0,0,0,0,0,0,0,0.2,1.8,0,0,0,0,0.4,23.8,0.4,17.2,0.2
2017-09-01 00:00:00,1,0,0,0,0,0,0,0,0,0,0,0,0,0,0,0,0,0,0,0,0,0,0,0,0,0,0,0,0,0,12.6,
2017-08-01 00:00:00,1,0,0,0,0,0,0,0,0,0,0,0,0,0,0,0,0,0,0,0,0,0,0,0,0,0,0,0,0,0,0,0
2017-07-01 00:00:00,1,0,0,0,0,0,0,0,0.6,0,0.2,0,0,0.2,0,0,0,0.2,0,0,0,0,0,0,0,0,0,0,0,0,0,0
2017-06-01 00:00:00,1,0.2,0,0,0.2,0.2,0.2,0.2,0.2,0.2,0,0,13.8,0.2,2.6,0.2,0.2,0.2,0.2,0.2,0,0,0.2,0.2,0,0.2,0.2,0,0.2,0.2,0,
2017-05-01 00:00:00,1,0,0,0,0.2,0,1,0,0.2,0.2,0.2,0,0,0,0.2,0.2,4.4,0.2,0,26.8,3,0,1,0.2,0.2,0.2,0.2,0.2,0,0.4,0,0.2
2017-04-01 00:00:00,1,0,0.2,0,0.2,0.2,0,0,0,0,0,0,0.6,0,0,0,0.2,0,0,0.6,0,0,0,0.2,0,0,0,1.2,10.4,0.2,0,
2017-03-01 00:00:00,1,3,1.2,0.2,0,0,0,0,8.4,0.2,0,0,0,0.2,0,0,0,0,22.6,3.6,0.4,0,0.2,0,0.2,0,0,0.2,10.8,0.2,0,0.2
2017-02-01 00:00:00,1,21.2,1.4,18.8,1.4,0,3,5,1,4,0.2,0.2,0,0,0,0,0,0,0,0,0,0,0,1.6,0,1.4,0.2,1.2,7.8,,,
2017-01-01 00:00:00,1,0,0,0,12,10.4,0,27.2,0,0,5.2,13.6,1.6,4.2,0,12.8,3.4,0,0,0,0,0,0,0,1.6,24.2,4.8,0,0,0,0,0
2016-12-01 00:00:00,1,0.4,0.6,3.6,57,19.4,0.2,0.2,1.4,7.8,1.2,0.2,2.2,0.6,2.8,43.8,15.8,0.2,0,0,0,0,0,0,0,22.2,0,0,9.4,0.6,0.2,0
2016-11-01 00:00:00,1,0,0,0.2,1.8,2.4,0,17.4,0.2,0,2.4,8.8,14.6,17.6,24.6,4.4,0.4,0.4,18.6,0,0.2,0,2.4,6.2,0,10,0,0,0,7.2,0.2,
2016-10-01 00:00:00,1,1.8,0.2,12,31.6,1.2,0,0,0,0,0.4,0,0.8,0,0,9.4,3.8,0,0,0,0.2,0,15.2,0,0,0,0.4,0.2,0,3.2,0,0
2016-09-01 00:00:00,1,0.2,0.2,0,0,0,0,0,0,0,0,0,0,0,0,0,7.4,5.4,0,0,2.8,0,0,0,5,0,0,0,0,0,0,
2016-08-01 00:00:00,1,0,0,0,0,0,0,0,0,0,0,0,0,0,0,0,0,0.2,0,0,0,0,0,0,0,0,0,0,0,0,0,2.6
2016-07-01 00:00:00,1,0.2,0.2,0,0.2,0,0,0,0.2,0,0,0,0.2,0,0,0,0,0,0,0,0,0,0,0,0,0,0,0,0,0,0,0
2016-06-01 00:00:00,1,0,8.6,8.8,0.4,0.2,0,2.2,0,0,0,0,0,0,0,0.2,0.2,0.2,0.2,0,0.2,0.2,0,0.2,0,0,0.2,0,0.2,0,0,
2016-05-01 00:00:00,1,0.2,0.2,0.2,0.2,0,0.2,0.2,0.2,0,0,0,0,1,0.2,0.2,0.6,0.2,0.2,0,0,0,0.2,0,0.2,0,0,0,0,0.2,0,0
2016-04-01 00:00:00,1,0,0,20.2,0,0,0,0.2,0,0,0,0,0,0,0,0,0.2,0,0,0,0.2,0,0,0,0,0,0,1.8,0,11,1,
2016-03-01 00:00:00,1,33.2,0,2.2,27.6,4.2,0,6.8,0,0.2,0,1.2,4.4,0.2,3,0,0.8,0,0,0,0.2,0,0.2,0,7.6,17,3.4,0,0,0,0,0
2016-02-01 00:00:00,1,0,0,0,0,0,0,0,0,0,0,3.4,2,7.2,0,1.2,0.2,0,2.2,0,0,0,0,0,0,7.6,0.2,0,0,0,,
2016-01-01 00:00:00,1,0,2.4,0,1.2,0,0,2.8,1.2,5.4,1.6,0,14.4,12.2,8.4,6.6,43.6,8.6,110.2,65.4,17.2,0.4,0,0,7,0.2,0,13.6,79,14.2,0,0.2
2015-12-01 00:00:00,1,0,0,0,0,0,0,0,0,0,0,0,0,0,0,0,0,0,9.6,0.2,14.2,4.4,0.2,0,0,0,7,17.2,1.6,1.6,2,0.2
2015-11-01 00:00:00,1,0.2,0,0,0,0,0,0,0,0,0,0.4,8.8,1,0.4,0,0,0,0.4,39.4,5.2,0,0,11.8,3.2,0,0,0,0,0,0,
2015-10-01 00:00:00,1,0,0,0,0,0,0,0,0,0,0,0,0,0,0,0,0,0,,0,0,0,6.8,16.4,0,0,0,13.6,5.2,0.4,0,0
2015-09-01 00:00:00,1,0,0,0,0,0,0,6,7.4,24.4,0.4,0,0,0,0,0,0,0,0,0,0,0,0,0,0,0,0,0,0,1,0,
2015-08-01 00:00:00,1,0,0,0,0,0,0,0,0,0,0,0,0,0,0,0,0,0,0,0,0,0,0,0,0,0,0,0,0,0,0,0
2015-07-01 00:00:00,1,0,0,0,0.2,0,0,0,0,0,0.2,0,0.2,0.2,0,0,0.2,0,0.2,0,0,0,0,0,0,0,0,0.2,0,0.2,0,0
2015-06-01 00:00:00,1,0.2,3.4,0.6,0.4,0,0.2,0.2,0.2,0.2,0,0.2,0.2,0.2,0.2,0,0,0,0,0.2,0,0,0,0.4,0.2,0,0,0,0.2,0,0.2,
2015-05-01 00:00:00,1,27.8,0,0.2,0,12.4,1.6,0,0.2,0.2,0,15,0.2,0,0,0.2,0,0.2,0,0,0,0,0.2,0,0.2,0,0.2,0.2,0.2,10.6,0,0.2
2015-04-01 00:00:00,1,0,1.2,0,0,2.4,7,0.2,0.8,0,0,0,0,0,0,0,3,0,0,0,0,3.6,0,0,0,0,0,0,0.2,0,0,
2015-03-01 00:00:00,1,,0.6,0,9.6,0,0,2.6,27.6,0.6,23.2,27.2,1.6,0.2,0,0,0,8.6,46.4,0,19.2,1.6,8.8,0,0,9.2,0,0,0,0,0,0.4
