DataHora,NivelConsistencia,Vazao01,Vazao02,Vazao03,Vazao04,Vazao05,Vazao06,Vazao07,Vazao08,Vazao09,Vazao10,Vazao11,Vazao12,Vazao13,Vazao14,Vazao15,Vazao16,Vazao17,Vazao18,Vazao19,Vazao20,Vazao21,Vazao22,Vazao23,Vazao24,Vazao25,Vazao26,Vazao27,Vazao28,Vazao29,Vazao30,Vazao31
2023-04-01 00:00:00,1,21.13,20.68,20.23,20.68,20.23,19.79,19.35,19.35,20.23,21.82,22.05,22.52,21.82,21.13,21.13,21.59,22.52,22.05,21.13,22.52,24.43,23.23,21.59,20.46,19.79,19.13,18.91,28.22,35.37,28.48,
2023-03-01 00:00:00,1,36.54,34.79,33.94,37.43,41.38,37.72,34.22,32.53,34.22,37.43,35.66,37.43,39.23,41.7,42.01,37.43,32.81,30.34,28.74,27.7,28.48,31.15,30.88,28.22,26.42,24.92,23.95,22.99,22.29,21.82,21.59
2023-02-01 00:00:00,1,140.57,132.41,115.27,86.52,67.41,60.91,56.15,53.66,58.69,67.02,71.37,66.63,66.63,65.46,70.17,75.86,73.8,67.02,74.62,79.62,84.34,73.8,58.69,57.23,52.26,46.51,42.01,38.93,,,
2023-01-01 00:00:00,1,114.77,138.92,138.37,137.82,140.02,146.69,148.95,155.82,154.67,155.24,156.98,158.14,156.4,154.67,146.69,130.81,108.82,86.52,72.58,65.46,67.02,73.8,77.52,73.4,90.07,103.5,93.23,110.79,120.34,121.89,136.19
2022-12-01 00:00:00,1,10.86,11.2,16.81,28.22,45.2,45.85,33.37,28.22,26.42,23.95,21.36,18.7,17.64,21.59,22.76,20.46,18.7,17.22,16.81,19.35,28.22,74.21,82.18,61.66,46.84,37.13,33.94,42.96,52.61,68.98,101.6
2022-11-01 00:00:00,1,,,,,,,,11.03,14.44,16,14.63,18.48,21.36,17.01,14.82,15.01,17.64,18.48,16.4,14.63,13.31,12.23,11.37,11.03,11.03,11.03,11.03,11.88,12.41,11.2,
2022-01-01 00:00:00,1,73.08,92.74,111.58,115.94,128.68,125,113.27,108.33,118.81,119.32,119.83,120.34,,,,,,,,,,,,,,,,,,,
2021-12-01 00:00:00,1,14.38,14.38,14.38,14.76,15.93,27.29,41.37,39.9,34.63,31.37,27.73,22.92,30.45,40.39,66.96,64.22,63.13,66.96,71.96,71.96,61.51,49.41,40.39,34.16,30.45,27.73,25.52,23.34,38.93,43.35,55.64
2021-11-01 00:00:00,1,8.92,11.03,13.62,13.24,13.24,10.67,8.92,10.31,14.38,10.67,15.54,20.8,26.84,26.4,23.34,22.49,19.97,19.55,19.55,18.33,19.55,19.55,18.33,15.93,13.24,9.96,11.39,13.62,14.76,14.76,
2021-10-01 00:00:00,1,1.94,2.03,2.23,2.72,3.35,3.24,3.24,3.35,4.12,4.45,4.68,5.27,8.58,11.03,11.39,10.31,9.61,8.92,6.86,12.49,16.72,22.06,26.4,23.34,17.12,13.24,11.39,9.96,9.26,8.92,8.24
2021-09-01 00:00:00,1,3.46,3.46,3.46,3.46,3.46,3.46,3.46,3.46,3.35,3.24,3.24,3.14,3.03,3.03,2.93,2.93,2.83,2.72,2.72,2.62,2.52,2.52,2.42,2.32,2.23,2.23,2.23,2.13,2.03,2.03,
2021-08-01 00:00:00,1,4.23,4.23,4.12,4.12,4.12,4.12,4.12,4.12,4.12,4.12,4.12,4.12,4.12,4,4,4,4,3.89,4,4.12,4.12,4,3.89,3.78,3.78,3.67,3.56,3.56,3.56,3.46,3.46
2021-07-01 00:00:00,1,4.92,4.8,4.8,4.8,4.68,4.68,4.68,4.68,4.68,4.68,4.68,4.68,4.57,4.57,4.57,4.57,4.45,4.45,4.45,4.45,4.34,4.23,4.23,4.12,4.34,4.34,4.23,4.23,4.23,4.23,4.23
2021-06-01 00:00:00,1,5.51,6.24,7.12,7.5,6.99,6.61,6.36,6.24,6.12,5.99,5.87,5.87,5.87,5.75,5.75,5.63,5.63,5.51,5.51,5.39,5.27,5.27,5.27,5.27,5.15,5.15,5.03,5.03,4.92,4.92,
2021-05-01 00:00:00,1,6.49,6.36,6.36,6.24,6.24,6.24,6.12,6.12,5.99,5.99,5.87,5.87,5.87,5.75,5.75,5.75,5.75,5.75,5.75,5.87,5.75,5.63,5.51,5.51,5.51,5.75,5.63,5.51,5.51,5.39,5.39
2021-04-01 00:00:00,1,14.38,13.24,12.12,11.39,10.67,10.67,10.31,9.96,9.61,9.26,8.92,8.58,8.24,8.02,7.89,7.76,7.63,7.63,7.5,7.37,7.25,7.12,6.99,6.99,6.86,6.74,6.74,6.61,6.49,6.49,
2021-03-01 00:00:00,1,35.1,32.75,27.73,23.78,21.22,19.55,20.38,37.48,49.41,50.95,45.85,42.36,34.63,29.08,26.4,23.78,21.64,19.97,18.73,17.52,16.72,15.93,15.15,14.38,14,13.24,12.86,12.49,12.12,12.12,14.76
2021-02-01 00:00:00,1,9.26,8.92,8.24,8.58,9.96,12.12,21.64,37.96,45.85,38.93,33.22,34.63,37.48,39.9,41.86,38.45,30.91,26.4,23.78,31.37,31.83,33.22,36.53,33.69,37,29.54,28.63,31.83,,,
2021-01-01 00:00:00,1,60.97,48.38,39.9,38.45,48.89,45.85,37,33.69,34.16,32.29,32.29,33.22,38.45,34.16,33.69,29.99,29.08,27.29,25.08,22.49,20.38,18.33,16.72,15.15,14.38,13.62,12.49,12.12,11.39,10.67,9.96
2020-12-01 00:00:00,1,6.12,5.87,5.75,5.75,5.75,6.24,8.02,17.12,18.73,20.8,18.33,16.72,19.14,25.96,25.96,19.97,15.54,12.86,12.86,25.52,35.57,37.48,43.85,51.47,69.17,87.43,98.73,116.57,126.06,114.69,88.02
2020-11-01 00:00:00,1,6.74,9.26,8.24,7.76,8.02,8.58,7.89,7.12,7.12,13.62,26.4,20.8,15.93,14.38,16.72,15.15,12.86,11.03,9.61,9.61,13.62,13.62,11.03,8.92,7.89,9.96,9.26,7.76,6.99,6.49,
2020-10-01 00:00:00,1,4,3.78,3.56,3.46,3.35,3.24,3.24,3.03,3.03,2.93,2.93,2.93,2.93,2.83,2.93,2.93,3.24,3.56,4,4.12,4.12,4.45,5.63,5.87,5.87,6.24,7.25,7.63,7.12,6.49,6.12
2020-09-01 00:00:00,1,6.24,5.99,5.99,5.99,6.12,6.12,5.99,6.24,6.49,6.36,5.87,5.63,5.39,4.12,4.12,4,3.89,3.89,3.89,3.67,3.67,3.67,3.67,3.78,4.68,4.68,4.68,4.57,4.34,4.12,
2020-08-01 00:00:00,1,6.24,6.61,6.61,6.49,6.74,6.74,6.36,6.12,6.36,5.99,6.12,6.49,6.49,6.36,6.36,6.74,6.86,6.86,6.99,6.99,6.49,6.24,6.36,6.24,6.12,6.24,6.24,6.24,6.12,5.99,6.12
2020-07-01 00:00:00,1,8.24,8.24,8.24,8.58,8.58,8.02,8.58,7.63,7.5,7.25,7.25,8.24,8.02,7.76,7.63,7.63,7.63,7.5,7.37,7.37,7.37,6.99,6.86,6.74,6.74,6.86,6.74,6.74,6.49,6.49,6.36
2020-06-01 00:00:00,1,10.67,9.96,9.96,9.61,9.61,9.61,9.61,9.26,9.26,9.26,9.61,9.26,9.61,9.61,9.61,9.61,9.26,9.26,9.26,9.26,9.26,9.26,9.26,8.92,8.92,8.92,8.58,8.58,8.58,8.58,
2020-05-01 00:00:00,1,12.86,12.86,12.86,12.49,11.75,12.12,11.39,11.03,11.03,10.67,11.03,10.67,10.67,10.67,10.67,10.67,11.03,11.39,11.39,11.39,11.03,10.67,10.67,10.67,11.03,12.12,12.86,12.49,11.75,11.03,10.67
2020-04-01 00:00:00,1,22.49,27.73,29.08,30.45,28.63,26.4,25.08,23.78,22.06,24.21,27.29,28.63,25.52,22.92,22.06,21.22,21.22,19.55,18.33,17.92,17.12,16.32,15.93,15.15,15.15,14.38,14.38,14,13.24,13.24,
2020-03-01 00:00:00,1,56.7,69.73,98.13,102.36,82.2,69.17,57.23,50.95,46.86,46.86,43.35,39.42,36.53,35.1,37,37.48,33.22,31.83,31.83,31.83,31.83,31.37,30.91,29.99,28.63,26.84,25.08,22.92,22.49,22.06,21.64
2020-02-01 00:00:00,1,66.96,45.85,39.42,36.05,33.69,34.63,45.35,51.47,51.47,44.84,41.37,49.41,54.07,56.17,58.83,56.17,53.02,50.95,50.95,53.02,48.38,42.85,37.96,36.05,37.96,37,40.39,40.88,45.85,,
2020-01-01 00:00:00,1,15.15,14.76,17.52,23.78,16.72,19.97,20.38,24.21,27.73,24.21,21.64,19.14,17.52,15.54,14,13.62,13.62,15.93,25.52,34.16,33.22,32.29,40.88,62.59,,,,,,116.57,92.74
2019-12-01 00:00:00,1,7.5,7.5,10.67,11.75,14.38,16.72,19.97,21.22,19.55,34.63,27.29,37.96,47.87,46.35,38.93,32.75,26.4,22.06,19.14,18.33,20.38,25.08,27.29,27.29,29.08,31.83,34.63,27.73,21.22,17.92,15.93
2019-11-01 00:00:00,1,2.83,2.83,3.78,2.93,3.67,4.34,3.67,3.78,4.23,4,4,4,4.12,4.12,4.23,4.12,4.12,4.45,6.36,7.37,8.24,9.96,11.03,11.03,11.39,10.31,9.96,9.26,9.26,8.58,
2019-10-01 00:00:00,1,4.26,6.86,6.74,6.61,6.74,6.74,6.74,5.99,5.63,5.87,5.99,5.51,5.99,6.49,6.61,5.99,5.51,4.92,4.57,4.92,4.57,4.8,3.56,3.67,3.78,3.78,4,4.23,4,3.78,4
2019-09-01 00:00:00,1,6.67,6.67,6.67,6.24,6.03,6.03,5.82,5.82,5.82,5.82,5.82,5.62,5.82,5.82,5.82,5.82,5.82,5.62,5.62,5.62,5.62,5.42,5.42,5.22,5.22,5.62,6.24,7.34,8.5,4.26,
2019-08-01 00:00:00,1,8.03,8.03,7.8,7.8,7.8,7.8,7.8,7.8,7.8,7.8,7.8,7.57,7.57,7.34,7.34,7.34,7.34,7.34,7.34,7.12,7.12,7.12,6.89,6.89,6.89,6.89,6.89,6.89,6.67,6.67,6.67
2019-07-01 00:00:00,1,9.23,9.23,9.23,8.98,8.98,8.98,8.98,8.98,8.98,8.74,8.74,8.74,8.74,8.74,8.74,8.5,8.5,8.5,8.5,8.5,8.5,8.5,8.26,8.26,8.26,8.26,8.03,8.03,8.03,8.03,8.03
2019-06-01 00:00:00,1,11.84,11.84,11.39,11.84,11.84,12.3,11.84,11.39,10.95,10.5,10.5,10.5,10.5,10.23,10.23,10.23,10.23,10.23,9.98,9.98,9.98,9.73,9.73,9.73,9.73,9.48,9.48,9.48,9.23,9.23,
2019-05-01 00:00:00,1,15.11,14.64,14.64,14.64,16.09,15.6,15.11,14.64,14.16,13.69,13.69,13.69,13.22,13.22,13.22,13.22,16.09,20.63,21.16,19.09,18.58,16.58,15.11,14.16,13.69,13.22,12.76,12.3,12.3,11.84,12.3
2019-04-01 00:00:00,1,23.82,22.74,22.21,22.21,21.16,20.11,19.6,19.09,19.09,18.58,18.58,18.58,18.07,17.57,17.07,19.6,24.36,29.37,27.67,24.36,21.68,19.6,18.58,17.57,17.07,17.07,16.58,16.09,15.6,15.11,
2019-03-01 00:00:00,1,31.67,37,41.91,48.25,48.25,45.05,40.05,36.4,32.83,29.37,27.67,27.11,27.67,26.56,25.45,28.8,34.01,31.67,27.67,25.45,35.2,66.43,91.25,73.52,51.5,40.66,37,31.67,28.8,26.56,24.9
2019-02-01 00:00:00,1,11.39,10.5,10.23,9.98,10.5,12.3,15.11,19.09,21.16,20.11,17.57,19.6,28.23,26.56,22.74,24.9,28.23,31.67,44.42,44.42,41.91,50.85,61.58,60.89,48.25,37,31.09,29.94,,,
2019-01-01 00:00:00,1,27.11,31.09,34.01,34.01,28.8,24.9,23.28,21.16,19.09,19.09,18.58,17.07,16.09,15.11,15.11,14.64,14.64,14.16,13.69,12.76,12.3,12.3,11.39,11.39,11.39,10.95,11.39,12.3,13.22,12.76,11.84
2018-12-01 00:00:00,1,35.2,35.8,38.82,38.82,35.2,31.67,29.37,27.67,26,26.56,25.45,23.82,23.28,31.67,31.09,27.67,24.36,22.21,20.11,19.09,19.09,19.09,18.07,18.58,22.21,24.36,22.74,23.28,25.45,26,28.23
2018-11-01 00:00:00,1,21.16,20.11,19.6,21.16,34.6,35.8,31.67,24.9,27.11,38.82,42.53,37.6,30.51,24.9,21.68,20.63,17.57,17.57,18.58,20.11,44.42,75.69,80.79,80.79,84.49,81.53,67.84,53.48,43.79,37.6,
2018-10-01 00:00:00,1,16.09,15.6,16.09,16.58,17.07,16.09,16.09,16.09,22.21,26.56,26,23.82,21.68,20.63,20.63,20.11,20.11,19.6,19.09,18.58,18.58,18.58,18.58,18.07,18.07,18.58,20.63,22.74,24.36,23.82,22.21
2018-09-01 00:00:00,1,18.58,18.07,18.07,18.07,18.07,17.57,17.07,17.07,16.58,16.58,16.09,16.09,16.09,15.6,16.09,16.58,18.07,20.11,20.63,20.11,20.11,20.11,19.6,19.6,18.58,18.07,17.57,17.07,16.58,16.09,
2018-08-01 00:00:00,1,19.09,19.09,19.09,19.6,20.63,21.68,23.28,23.28,23.28,23.28,22.74,22.21,22.21,21.16,21.16,20.63,20.63,20.63,20.11,21.16,21.16,20.63,20.63,20.11,19.6,19.6,19.6,19.09,19.09,18.58,18.58
2018-07-01 00:00:00,1,21.68,21.16,21.16,20.63,20.63,20.63,20.63,20.63,20.11,20.11,20.11,19.6,19.6,19.6,19.6,19.6,19.6,19.6,19.6,19.09,19.09,19.09,19.09,18.58,18.58,18.58,18.58,19.09,19.6,19.09,19.6
2018-06-01 00:00:00,1,23.82,23.28,23.28,23.28,23.28,23.28,23.28,23.28,23.82,24.36,24.36,24.36,23.82,23.82,23.28,23.28,23.28,22.74,22.74,22.21,22.21,22.21,22.21,22.21,22.21,21.68,21.68,21.68,21.68,21.16,
2018-05-01 00:00:00,1,27.11,26.56,26.56,26,26,26,26,25.45,25.45,24.9,24.9,24.9,24.9,24.9,24.36,24.36,24.36,23.82,23.82,24.36,24.9,24.9,24.9,24.9,24.36,24.36,23.82,23.82,23.82,23.82,23.82
2018-04-01 00:00:00,1,34.6,34.01,33.42,33.42,33.42,33.42,32.83,32.83,32.83,32.25,32.25,31.67,31.09,30.51,30.51,29.94,29.37,31.09,30.51,29.94,29.37,29.37,28.8,28.8,28.23,28.23,27.67,27.67,27.67,27.11,
2018-03-01 00:00:00,1,62.27,55.48,55.48,50.85,49.55,48.9,49.55,49.55,53.48,63.65,67.13,67.13,60.89,52.82,48.25,45.69,45.05,43.79,43.79,42.53,41.91,41.28,43.79,46.32,43.79,41.28,39.43,38.21,37,36.4,35.2
2018-02-01 00:00:00,1,46.96,48.9,55.48,51.5,47.61,48.25,49.55,50.85,54.15,50.85,48.9,45.69,43.16,40.66,38.82,37.6,36.4,35.2,34.6,34.6,38.21,43.16,54.81,48.25,62.27,83.75,89.74,80.79,,,
2018-01-01 00:00:00,1,35.86,38.08,41.09,48.07,48.86,59.43,75.75,84.72,88.98,79.32,70.67,61.58,55.48,51.5,53.48,69.25,74.96,66.43,58.85,52.16,48.25,45.05,43.16,41.91,43.79,50.2,55.48,57.5,50.85,48.25,48.9
2017-12-01 00:00:00,1,6.49,14.55,35.13,51.25,56.12,71.36,93.01,85.64,73.11,67.04,56.95,46.5,41.86,36.6,31.53,27.33,25.97,25.97,25.29,23.29,20.69,18.79,16.94,15.73,14.55,15.14,14.55,14.55,13.96,16.94,28.71
2017-11-01 00:00:00,1,0.55,0.62,0.62,0.62,0.78,0.78,0.78,0.7,0.7,0.7,0.7,1.81,7.97,6.02,4.65,4.21,3.78,2.97,2.46,2.46,2.97,7.47,10.05,10.05,10.05,11.14,9.52,8.48,8.48,7.47,
2017-10-01 00:00:00,1,0.41,0.41,0.55,0.55,0.7,1.05,1.46,1.57,1.57,1.46,1.24,1.24,1.14,1.05,0.95,0.86,0.78,0.78,0.7,0.62,0.62,0.55,0.55,0.48,0.48,0.41,0.41,0.55,0.48,0.48,0.62
2017-09-01 00:00:00,1,0.7,0.7,0.7,0.7,0.7,0.62,0.62,0.62,0.55,0.55,0.55,0.55,0.55,0.55,0.55,0.48,0.48,0.48,0.41,0.41,0.41,0.41,0.41,0.41,0.41,0.41,0.35,0.35,0.35,0.35,
2017-08-01 00:00:00,1,1.14,1.14,1.14,1.14,1.14,1.14,1.14,1.05,1.05,1.05,1.05,0.95,0.95,0.95,0.95,0.95,0.86,0.86,0.78,0.78,0.78,0.78,0.78,0.78,0.78,0.78,0.7,0.7,0.7,0.7,0.7
2017-07-01 00:00:00,1,1.69,1.69,1.69,1.69,1.57,1.57,1.57,1.57,1.57,1.57,1.57,1.46,1.46,1.46,1.46,1.46,1.46,1.46,1.35,1.35,1.24,1.24,1.24,1.24,1.24,1.24,1.24,1.24,1.24,1.14,1.14
2017-06-01 00:00:00,1,2.32,2.32,2.19,2.06,2.06,2.06,2.06,2.06,1.93,1.81,1.81,1.81,2.19,2.06,1.93,2.06,2.32,2.46,2.32,2.32,2.19,2.06,2.06,1.93,1.93,1.81,1.81,1.81,1.81,1.69,
2017-05-01 00:00:00,1,2.46,2.32,2.32,2.32,2.19,2.06,2.19,2.32,2.32,2.46,2.32,2.19,2.06,2.06,2.06,1.93,1.93,2.06,2.06,2.32,2.32,2.97,4.21,4.21,4.21,3.78,3.37,2.97,2.6,2.46,2.46
2017-04-01 00:00:00,1,5.09,4.21,3.78,3.37,2.97,2.97,2.6,2.46,2.46,2.46,2.32,2.32,2.46,2.6,2.46,2.32,2.32,2.32,2.19,2.06,2.06,2.06,1.93,1.93,1.93,1.81,1.81,1.81,2.06,2.32,
2017-03-01 00:00:00,1,4.65,4.65,4.65,5.09,6.02,6.02,6.02,5.55,5.55,6.02,5.55,4.21,4.21,3.78,3.37,2.97,2.97,2.6,2.97,3.37,6.98,9.52,9,7.47,6.49,5.55,5.09,4.65,4.21,5.55,5.55
2017-02-01 00:00:00,1,5.55,5.09,5.55,6.98,12.25,17.55,30.11,35.13,29.41,25.97,21.98,18.17,15.14,13.39,12.25,11.14,9.52,9,7.97,7.47,6.49,6.49,6.02,5.09,5.09,4.65,4.21,4.65,,,
2017-01-01 00:00:00,1,9.52,8.48,7.97,6.98,6.49,6.02,6.49,6.02,6.02,6.02,6.02,6.02,6.98,7.97,11.14,11.69,11.14,13.39,13.39,11.69,10.05,9,7.97,6.98,6.49,6.98,7.97,8.48,7.47,6.49,6.02
2016-12-01 00:00:00,1,10.05,9.52,9,11.14,41.09,28.71,22.64,18.79,15.73,13.96,12.25,11.14,11.14,12.81,14.55,26.65,30.11,28.02,25.97,22.64,18.79,16.33,14.55,13.39,11.69,11.14,11.14,11.69,11.69,11.14,11.14
2016-11-01 00:00:00,1,2.46,2.32,2.32,2.32,2.19,2.19,2.19,2.6,4.21,6.02,5.55,5.09,5.09,5.55,9,26.65,30.82,30.82,27.33,23.29,19.42,16.94,14.55,14.55,16.94,17.55,15.73,13.96,12.25,11.14,
2016-10-01 00:00:00,1,2.46,2.46,2.32,2.6,2.97,3.37,4.21,4.65,4.65,4.21,3.78,3.37,2.97,2.97,3.78,5.09,4.65,6.02,6.02,6.02,5.09,5.09,5.09,5.09,4.65,4.21,3.78,3.37,2.97,2.97,2.6
2016-09-01 00:00:00,1,2.6,2.6,2.46,2.46,2.6,2.6,2.6,2.46,2.46,2.46,2.32,2.32,2.19,2.19,2.06,2.06,2.06,2.06,1.93,1.93,1.93,1.93,1.81,1.81,1.81,1.81,2.19,2.19,2.32,2.46,
2016-08-01 00:00:00,1,2.97,2.97,2.97,2.6,2.6,2.6,2.6,2.46,2.46,2.46,2.46,2.46,2.46,2.32,2.32,2.32,2.32,2.19,2.19,2.19,2.19,2.19,2.19,2.06,2.06,2.06,2.06,1.93,1.81,2.97,2.6
2016-07-01 00:00:00,1,5.09,4.65,4.65,4.65,4.65,4.65,4.65,4.65,4.21,3.78,3.78,3.78,3.78,3.78,3.37,3.37,2.97,2.97,2.97,2.6,2.6,2.6,2.6,2.6,2.6,2.46,2.46,2.46,2.46,2.6,2.97
2016-06-01 00:00:00,1,4.65,4.65,5.09,7.47,13.96,17.55,15.73,13.39,11.69,10.05,9.52,9,8.48,7.97,7.47,6.98,6.98,6.49,6.49,6.02,6.02,6.02,5.55,5.55,5.55,5.55,5.55,5.09,5.09,5.09,
2016-05-01 00:00:00,1,8.48,9.52,9.52,9,8.48,8.48,7.97,7.47,7.47,6.98,6.49,6.49,6.49,6.02,6.02,6.02,6.02,6.02,6.02,6.02,6.02,6.02,6.02,5.55,5.55,5.09,5.09,5.09,5.09,5.09,4.65
2016-04-01 00:00:00,1,15.73,15.14,14.55,13.96,13.96,12.81,12.81,11.69,11.69,11.14,11.14,10.05,10.05,9.52,9,9,9,8.48,8.48,7.97,7.97,7.47,7.47,7.47,6.98,6.49,6.49,6.49,6.49,6.98,
2016-03-01 00:00:00,1,33.68,44.93,48.86,40.34,39.58,46.5,44.16,40.34,38.08,32.96,29.41,26.65,23.96,23.96,27.33,35.86,30.82,25.97,23.29,21.98,20.69,19.42,18.17,17.55,16.94,16.94,19.42,20.05,18.79,17.55,16.94
2016-02-01 00:00:00,1,76.64,54.49,43.39,37.34,33.68,30.82,28.71,26.65,26.65,25.97,23.29,21.98,20.69,20.05,21.34,23.29,20.69,20.05,20.69,28.71,40.34,35.13,29.41,28.71,25.97,29.41,34.4,31.53,33.68,,
2016-01-01 00:00:00,1,11.69,10.59,9.52,9,9,9.52,9.52,9,10.05,12.25,13.96,17.55,17.55,18.79,21.34,27.33,47.28,72.24,115.99,134.01,128.94,126.93,122.92,95.81,67.04,55.3,48.86,69.63,87.46,103.38,93.94
2015-12-01 00:00:00,1,5.09,4.65,5.09,6.02,9,14.55,15.73,13.96,12.25,11.14,10.05,9.52,10.59,13.96,19.42,26.65,22.64,20.69,24.62,24.62,21.34,18.17,17.55,16.33,13.96,12.25,10.59,11.14,15.14,14.55,13.39
2015-11-01 00:00:00,1,2.19,2.19,1.93,1.81,1.81,1.69,1.57,1.46,1.46,1.35,1.35,1.46,1.35,1.35,1.35,1.35,1.57,2.19,5.09,8.48,8.48,7.47,6.49,6.49,7.97,7.47,6.02,5.55,5.55,5.55,
2015-10-01 00:00:00,1,2.19,2.19,2.19,2.06,2.06,1.93,1.93,1.81,1.81,1.81,1.69,1.57,1.57,1.57,1.46,1.35,1.35,1.35,1.35,1.35,1.24,1.24,1.35,1.24,1.24,1.24,1.35,1.35,1.46,1.35,1.57
2015-09-01 00:00:00,1,1.81,1.81,1.81,1.81,1.69,1.69,1.69,1.69,2.06,3.37,9.52,11.69,11.14,9.52,9,8.48,7.47,6.49,6.02,5.09,4.65,3.78,3.37,2.97,2.6,2.6,2.46,2.32,2.32,2.19,
2015-08-01 00:00:00,1,2.46,2.46,2.46,2.46,2.46,2.32,2.32,2.46,2.46,2.46,2.46,2.46,2.32,2.32,2.32,2.19,2.19,2.19,2.19,2.19,2.06,2.06,2.06,2.06,1.93,1.93,1.81,1.81,1.81,1.81,1.81
2015-07-01 00:00:00,1,4.65,4.21,4.21,4.21,4.21,4.21,4.21,4.21,4.21,4.21,4.21,3.78,3.78,3.78,3.37,3.37,3.37,3.37,2.97,2.97,2.97,2.97,2.6,2.6,2.6,2.6,2.6,2.6,2.6,2.6,2.46
2015-06-01 00:00:00,1,7.97,7.97,7.97,7.97,9,9,9,8.48,7.97,7.47,6.98,6.98,6.49,6.49,6.02,6.02,5.55,5.55,5.55,5.55,5.55,5.55,5.09,5.09,5.09,4.65,4.65,4.65,4.65,4.65,
2015-05-01 00:00:00,1,10.05,10.05,9.52,9.52,9.52,10.05,10.59,10.59,10.59,10.05,10.05,11.14,12.81,13.39,12.81,11.69,10.59,10.05,9.52,9.52,9,9,9,7.97,7.97,7.97,7.47,7.47,6.98,7.47,7.97
2015-04-01 00:00:00,1,30.82,28.71,25.97,23.96,22.64,21.34,21.34,20.69,19.42,18.79,18.17,17.55,16.33,15.14,14.55,14.55,13.39,13.39,12.81,12.25,12.25,11.69,11.69,12.25,13.39,13.39,12.25,11.69,11.14,10.59,
2015-03-01 00:00:00,1,16.33,16.33,13.39,11.69,10.59,11.14,10.05,11.14,25.29,41.86,47.28,56.95,49.65,42.62,34.4,28.71,24.62,28.71,50.45,63.63,63.63,66.18,70.49,72.24,73.99,75.75,74.87,56.12,42.62,36.6,32.96
