cenario,horizonte_min,bloco,camadas,unidades,n,RMSE,MAE,NSE,R2,KGE,vies
I,180,treino,1,64,183899,0.0204020014772234,0.010602796571562005,0.9985145009210253,0.9985145009210253,0.997142552477925,0.001241810956170681
I,180,validacao,1,64,39424,0.07222906164854472,0.032001614445784164,0.9865539277524396,0.9865539277524396,0.9807742142869321,0.001909906081117501
I,180,teste,1,64,39424,0.04520616785986228,0.0223458186663784,0.990515381805583,0.990515381805583,0.9921252008147101,0.00834370410822139
II,180,treino,2,128,183899,0.03943191720676019,0.014483727129960785,0.9944508990697427,0.9944508990697427,0.9949513172655694,-0.0002556155833262749
II,180,validacao,2,128,39424,0.052794609277243505,0.0172765226928614,0.9928162591831621,0.9928162591831621,0.992087893321196,-0.0008225902555897384
II,180,teste,2,128,39424,0.030112747188460205,0.011579770654777801,0.9957915204382954,0.9957915204382954,0.9961424037986963,-0.0024385936831353866
I,720,treino,1,128,183845,0.09194367369765646,0.05435228842072823,0.9697485282878219,0.9697485282878219,0.9817007596456236,-0.015667614925188124
I,720,validacao,1,128,39370,0.1428347647009288,0.07701104885894604,0.9474668018025773,0.9474668018025773,0.9635551573093579,0.0013522143180581723
I,720,teste,1,128,39370,0.10952513524002945,0.060506597743629056,0.9443965506797324,0.9443965506797324,0.944898775700168,0.030281395975066412
II,720,treino,1,64,183845,0.12306603337329165,0.056278858095009404,0.945802505703521,0.945802505703521,0.9514882031386215,-0.0008302453257779531
II,720,validacao,1,64,39370,0.15161076934633094,0.06886591064885754,0.9408130314140204,0.9408130314140204,0.9507641186184775,0.01043402016954372
II,720,teste,1,64,39370,0.10534418248299204,0.05013134497948295,0.9485606761071091,0.9485606761071091,0.9610554044570827,0.020539286631910462
